id,year,month,holiday
0,1395,1,1
1,1395,1,2
2,1395,1,3
3,1395,1,4
4,1395,1,12
5,1395,1,13
6,1395,2,2
7,1395,2,16
8,1395,3,2
9,1395,3,14
10,1395,3,15
11,1395,4,7
12,1395,4,16
13,1395,4,17
14,1395,5,9
15,1395,6,22
16,1395,6,30
17,1395,7,20
18,1395,7,21
19,1395,8,30
20,1395,9,8
21,1395,9,10
22,1395,9,18
23,1395,9,27
24,1395,11,22
25,1395,12,12
26,1395,12,29
27,1395,12,30
28,1396,1,1
29,1396,1,2
30,1396,1,3
31,1396,1,4
32,1396,1,12
33,1396,1,13
34,1396,1,22
35,1396,2,5
36,1396,2,22
37,1396,3,14
38,1396,3,15
39,1396,3,26
40,1396,4,5
41,1396,4,6
42,1396,4,29
43,1396,6,10
44,1396,6,18
45,1396,7,8
46,1396,7,9
47,1396,8,18
48,1396,8,26
49,1396,8,28
50,1396,9,6
51,1396,9,15
52,1396,11,22
53,1396,12,1
54,1396,12,29
55,1397,1,1
56,1397,1,2
57,1397,1,3
58,1397,1,4
59,1397,1,11
60,1397,1,12
61,1397,1,13
62,1397,1,25
63,1397,2,12
64,1397,3,14
65,1397,3,15
66,1397,3,16
67,1397,3,25
68,1397,3,26
69,1397,4,18
70,1397,5,31
71,1397,6,8
72,1397,6,28
73,1397,6,29
74,1397,8,8
75,1397,8,16
76,1397,8,17
77,1397,8,25
78,1397,9,4
79,1397,11,20
80,1397,11,22
81,1397,12,29
82,1397,12,29
